Alabama,AL,Montgomery,Camellia,4_887_680
Alaska,AK,Juneau,Forget Me Not,735_139
Arizona,AZ,Phoenix,Saguaro Cactus Blossom,7_158_020
Arkansas,AR,Little Rock,Apple Blossom,3_009_730
California,CA,Sacramento,California Poppy,39_461_600
Colorado,CO,Denver,Rocky Mountain Columbine,5_691_290
Connecticut,CT,Hartford,Mountain Laurel,3_571_520
Delaware,DE,Dover,Peach Blossom,965_479
Florida,FL,Tallahassee,Orange Blossom,21_244_300
Georgia,GA,Atlanta,Cherokee Rose,10_511_100
Hawaii,HI,Honolulu,Hibiscus,1_420_590
Idaho,ID,Boise,Syringa,1_750_540
Illinois,IL,Springfield,Violet,12_723_100
Indiana,IN,Indianapolis,Peony,6_695_500
Iowa,IA,Des Moines,Wild Prairie Rose,3_148_620
Kansas,KS,Topeka,Sunflower,2_911_360
Kentucky,KY,Frankfort,Goldenrod,4_461_150
Louisiana,LA,Baton Rouge,Magnolia,4_659_690
Maine,ME,Augusta,White Pine Cone and Tassel,1_339_060
Maryland,MD,Annapolis,Black-Eyed Susan,6_035_800
Massachusetts,MA,Boston,Mayflower,6_882_640
Michigan,MI,Lansing,Apple Blossom,9_984_070
Minnesota,MN,Saint Paul,Pink and White Lady Slipper,5_606_250
Mississippi,MS,Jackson,Magnolia,2_981_020
Missouri,MO,Jefferson City,White Hawthorn Blossom,6_121_620
Montana,MT,Helena,Bitterroot,1_060_660
Nebraska,NB,Lincoln,Goldenrod,1_925_610
Nevada,NV,Carson City,Sagebrush,3_027_340
New Hampshire,NH,Concord,Purple Lilac,1_353_460
New Jersey,NJ,Trenton,Violet,8_886_020
New Mexico,NM,Santa Fe,Yucca Flower,2_092_740
New York,NY,Albany,Rose,19_530_400
North Carolina,NC,Raleigh,Dogwood,10_381_600
Ohio,OH,Columbus,Scarlet Carnation,11_676_300
Oklahoma,OK,Oklahoma City,Mistletoe,3_940_240
Oregon,OR,Salem,Oregon Grape,4_181_890
Pennsylvania,PA,Harrisburg,Mountain Laurel,12_800_900
Rhode Island,RI,Providence,Violet,1_058_290
South Carolina,SC,Columbia,Yellow Jessamine,5_084_160
North Dakota,ND,Bismarck,Wild Prairie Rose,758_080
South Dakota,SD,Pierre,Pasque Flower,878_698
Tennessee,TN,Nashville,Iris,6_771_630
Texas,TX,Austin,Bluebonnet,28_628_700
Utah,UT,Salt Lake City,Sego Lily,3_153_550
Vermont,VT,Montpelier,Red Clover,624_358
Virginia,VA,Richmond,Dogwood,8_501_290
Washington,WA,Olympia,Pink Rhododendron,7_523_870
West Virginia,WV,Charleston,Rhododendron,1_804_290
Wisconsin,WI,Madison,Wood Violet,5_807_410
Wyoming,WY,Cheyenne,Indian Paintbrush,577_601